<?xml version="1.0" encoding="UTF-8"?>
<beans xmlns="http://www.springframework.org/schema/beans"
    xmlns:xsi="http://www.w3.org/2001/XMLSchema-instance"
    xmlns:context="http://www.springframework.org/schema/context"
    xsi:schemaLocation="http://www.springframework.org/schema/beans http://www.springframework.org/schema/beans/spring-beans.xsd
    http://www.springframework.org/schema/context">
    
    <bean id="ds" class="org.springframework.jdbc.datasource.DriverManagerDataSource">
    
    <property name="driverClassName" value="com.mysql.cj.jdbc.Driver"></property>
    <property name="url" value="jdbc:mysql://localhost:3306/ietmar2022"></property>
    <property name="username" value="root"></property>
    <property name="password" value="2022"></property>
    
    
    </bean>
    
    
    <bean id="msg" class="study.hw1.ProductBean">
    
    <property name="name" value="Shirt"></property>
    <property name="desc" value="max size "></property>
    <property name="cost" value="450"></property>
    
    
    </bean>
    
 
    
    
    <bean id="msg1" class="study.hw1.ProductBean">
    
    <property name="name" value="Laptop"></property>
    <property name="desc" value="Gaming"></property>
    <property name="cost" value="45000"></property>
    
    
    </bean>

 </beans>